{"wysokosc1": 51.162790697674424, "wysokosc2": 16.27906976744186, "czestotliwosc": "6", "LOS": 34585, "srednica strefy fresnela": 657.11}